<?xml version="1.0" encoding="UTF-8"?><?xml-stylesheet type='text/xsl' href='_UpgradeReport_Files/UpgradeReport.xslt'?><UpgradeLog>
<Properties><Property Name="Solution" Value="E">
</Property><Property Name="Solution File" Value="C:\Users\Sweet\Desktop\مجلد جديد (4)\E\Backup\E.sln">
</Property><Property Name="User Options File" Value="C:\Users\Sweet\Desktop\مجلد جديد (4)\E\Backup\E.suo">
</Property><Property Name="Date" Value="01/ربيع الأول/1435">
</Property><Property Name="Time" Value="18:28 م">
</Property></Properties><Event ErrorLevel="0" Project="" Source="E.sln" Description="File successfully backed up as C:\Users\Sweet\Desktop\مجلد جديد (4)\E\Backup\Backup\E.sln">
</Event><Event ErrorLevel="0" Project="" Source="E.suo" Description="File successfully backed up as C:\Users\Sweet\Desktop\مجلد جديد (4)\E\Backup\Backup\E.suo">
</Event><Event ErrorLevel="0" Project="E" Source="E\E.vbproj" Description="Project file successfully backed up as C:\Users\Sweet\Desktop\مجلد جديد (4)\E\Backup\Backup\E\E.vbproj">
</Event><Event ErrorLevel="0" Project="E" Source="E\E.vbproj.user" Description="Project user file successfully backed up as C:\Users\Sweet\Desktop\مجلد جديد (4)\E\Backup\Backup\E\E.vbproj.user">
</Event><Event ErrorLevel="0" Project="E" Source="E\a.vb" Description="File successfully backed up as C:\Users\Sweet\Desktop\مجلد جديد (4)\E\Backup\Backup\E\a.vb">
</Event><Event ErrorLevel="1" Project="E" Source="E\E.vbproj" Description="Your project is targeting .NET Framework 2.0 or 3.0. If your project uses assemblies requiring a newer .NET Framework, your project will fail to build. You can change the .NET Framework version by clicking Properties on the project menu and then selecting a new version in the '.NET Framework' dropdown box. (In Visual Basic, this is located on the Compile tab by clicking the 'Advanced Compiler Options...' button.)">
</Event><Event ErrorLevel="0" Project="E" Source="E\E.vbproj" Description="Project converted successfully">
</Event><Event ErrorLevel="3" Project="E" Source="E\E.vbproj" Description="Converted">
</Event><Event ErrorLevel="0" Project="" Source="E.sln" Description="Solution converted successfully">
</Event><Event ErrorLevel="3" Project="" Source="E.sln" Description="Converted">
</Event><Event ErrorLevel="0" Project="E" Source="E\E.vbproj" Description="Scan complete: Upgrade not required for project files.">
</Event></UpgradeLog>